Company Name,Company Address,Expired Date (Halal),Phone No.,Email
ABIDIN BIN HASHIM,"NO. 4 PROSES AYAM DAN UNGGAS BANDAR BARU 27200 KUALA LIPIS, PAHANG.",['28/02/2023.'],['0179247180'],['TIADA']
ADVANCE CHICKEN PROCESSING (M) SDN. BHD,"LOT 8, KAWASAN PERINDUSTRIAN JEJAWI,02600 ARAU, PERLIS.02600ARAUPerlis","['15/06/2023', '30/06/2022.']",['04-9762645'],['advancechicken8500@gmail.com']
AIMAN RESTU ENTERPRISE,"27, TINGKAT ATAS, TAMAN PASIR EMAS,JALAN BALIK PULAU,11000, BALIK PULAU, PULAU PINANG.","['28/02/2023', '31/12/2022.']",['048661951'],['aimanrestu99@gmail.com']
ALI AHMAD BIN WARIS ALI,"LOT 3119,MUKIM DURIAN TUNGGAL, 76100 ALOR GAJAH, MELAKAMelaka",['30/04/2022.'],['0123987001'],['-']
AMZA RESOURCES SDN. BHD. ,"25, JALAN TPP 6/3, TAMAN PERINDUSTRIAN PUCHONG, SEKSYEN 647100 PUCHONG, SELANGOR.Selangor",['15/04/2022.'],['0380664405'],['haniffmirza@hotmail.com']
AYAM AL HILAL SDN BHD,"LOT 73, JALAN MERBAU PULAS , KAWASAN PERINDUSTRIAN,09300 KUALA KETIL, KEDAH.","['15/05/2023', '31/01/2023.']",['044160306'],['ayam.alhilal@yahoo.com']
AYAM BELIDA SDN BHD,"NO. 56A, KAMPUNG SETIA JAYA,08800 YAN, KEDAH.",['31/01/2023.'],['01136295360'],['munyatiomar@yahoo.com']
AYAM BINTANG ISTIMEWA SDN BHD,"PT 6546, (LOT 8545) JALAN BDK 3/7, BANDAR DAMANSARA KUANTANPERINDUSTRIAN  DAMANSARA, JALAN BDK 3/7, 26100 KUANTAN, PAHANG",['30/11/2022.'],['0164223750'],['ayambintang.i@gmail.com']
AYAM CHAMPION FOOD SDN BHD,"LOT 8151, KAMPUNG TANJUNG BUNDONG,MINI INDUSTRIAL ESTATE,94300 KOTA SAMARAHAN, SARAWAK.94300KOTA SAMARAHANSarawak","['31/05/2023', '31/08/2022', '30/06/2022.']",['082-672668'],['acfood.compliance@gmail.com']
AYAM GLOBAL VENTURE SDN BHD,"NO.77, JALAN WAJA INDAH 1B,TAMAN WAJA INDAH,09000 KULIM, KEDAH.09000TAMAN WAJA INDAHKedah",['15/09/2022.'],['0175487079'],['ayamglobal5194@gmail.com']
AYAM MEGA SDN.BHD.,"NO.82 & 83, JALAN WAJA INDAH 2, TAMAN WAJA INDAH,09000 KULIM, KEDAH.","['31/12/2024', '15/04/2022.']",['04-4924822'],['ayam_mega88@hotmail.com']
AYAM PROSES SEGAR ALIF,"NO. PK 11, JALAN BESAR,KAMPUNG PEKAN KECHIL (DEPAN SURAU),35400, TAPAH ROAD, PERAK.",['31/12/2022.'],['0194764444'],['ayamalif44@gmail.com']
AYAM PUTIH SDN. BHD.,"PT 1208 JALAN KUBANG KACANG KG TIONG KUBANG KACANG16010, KOTA BHARU, KELANTAN.Kelantan",['15/04/2022.'],['0199070777'],['ayamputih89@yahoo.com']
AYAM SHF SDN. BHD.,"2, PTD 8757, JALAN PERINDUSTRIAN 1,KAWASAN PERINDUSTRIAN PONTIAN,82000 PONTIAN, JOHOR.","['31/12/2023', '31/12/2022.']",['076872481'],['ayamshfhalal@gmail.com']
AYAM SURIA (IPOH) SDN BHD,"NO.15A, JALAN INDUSTRI 1/2A, KAWASAN PERINDUSTRIAN GOPENGKAWASAN PERINDUSTRIAN GOPENG,31600GOPENGPerak",['30/04/2022.'],['+605357319'],['ayamsuriaipoh17@gmail.com']
AYAMAS FOOD CORPORATION SDN BHD,"LOT PT 20153JALAN PELABUHAN UTARA42000, PELABUHAN KLANG, SELANGOR.","['31/12/2023', '31/12/2023', '30/11/2023', '15/08/2023', '15/06/2023', '15/03/2023', '15/02/2023', '15/02/2023', '15/02/2023', '15/01/2023', '31/12/2022', '15/08/2022', '31/07/2022', '15/06/2022.']",['03-31670836'],['hayazi.darus@qsrbrands.com.my']
AYAMPLUS FOOD CORPORATION SDN. BHD.,"(SENG KEE CHAN TRADING (M) SDN. BHD.)NO. 1759, JALAN BUKIT PANCHOR,14300, NIBONG TEBAL, SPS, PULAU PINANG.",['30/09/2022.'],['04-593 1651'],['ayamplus@gmail.com']
AZ ZAIN DISTRIBUTION,"LOT 5295 & 5296 BATU 19,JALAN SEMENYIH KAWASAN PERINDUSTRIAN KAJANG JAYA,43500 SEMENYIH, SELANGOR.",['30/11/2022.'],['01165044040'],['drzainol.zci@gmail.com']
AZA IM ENTERPRISE SDN. BHD.,"15,JALAN PERDANA 5, TAMAN PERDANA,BUKIT SIPUT85020 SEGAMAT, JOHOR",['31/12/2022.'],['07-9431094'],['aza_impuyuh@yahoo.com']
AZAM NIAGA ENTERPRISE,"RUMAH SEMBELIH AZAM NIAGA NO. 3, JALAN PANTAI 7, KG. JAWA,26820 ROMPIN, PAHANGPahang",['30/09/2022.'],['013-2063356'],['alongside83.as@gmail.com']
AZMAN BIN MAT TAHAR,"NO 3,GERAI AYAM BANGUNAN PASAR BESAR JERANTUT JALAN BIDAI27000 JERANTUT, PAHANGPahang",['30/04/2022.'],['0139057986'],['TIADA']
AZMI FRESH CHICKEN SDN. BHD.,"NO. 97 & 98, JALAN ALAM JAYA 2,TAMAN PERINDUSTRIAN ALAM JAYA, PEKAN NANAS,81500 PONTIAN, JOHOR.",['31/12/2022.'],['075095545/07236879'],['afcsb_azmi@yahoo.com']
AZMI MURNI RESOURCES,"DARUL SAADAH LOT 1251 JALAN USTAZ MIKAMPUNG PETANI SERING,16150, KOTA BHARU, KELANTAN","['15/02/2023', '31/01/2023.']",['0199141891'],['azmimurni6874@gmail.com']
BAKTI FARM HOLDING SDN BHD ,"NO 120,121,122, JALAN PERDANA 6 TAMAN PERINDUSTRIAN PERDANA LUKUT,71010 PORT DICKSON, NEGERI SEMBILAN.71010PORT DICSONNegeri Sembilan",['15/08/2022.'],['066511205'],['halal@baktifarm.com']
BESTARI BERSATU SDN. BHD.,"D/A BESTARI BERSATU SDN. BHD. LOT 3.19,, PLAZA AMPANG CITY, JALAN AMPANG,PLAZA AMPANG CITY, JALAN AMPANG,50450 KUALA LUMPUR",['30/11/2022.'],['0129256781'],['bestaribersatu@yahoo.com']
BISMI CERGAS SDN BHD,"NO. 11, JALAN KANGKONG, SIMPANG EMPAT,06650 ALOR SETAR, KEDAH.",['31/12/2022.'],['04-7641828'],['admin@ayambismi.com']
BODCOAGRO RESOURCES SDN BHD,"LOT 27, BLOCK 7, SENGGI POAK LAND DISTRICT,JALAN SUNGAI PINANG, BAU,94000 KUCHING, SARAWAK.Sarawak",['31/08/2022.'],['082332062'],['bodco175666@gmail.com']
BOH MING FOOD PROCESSING INDUSTRIES SDN BHD,"31A, JALAN TAPAH,96000 SIBU, SARAWAK.96000SIBUSarawak",['15/04/2022.'],['084-323402'],['hewhuat@gmail.com']
CCK FRESH MART SDN BHD,"LOT NO. 21A & 21B,LOK KAWI INDUSTRIAL ESTATE, PAPAR,88200 KOTA KINABALU, SABAH.88200Sabah",['31/10/2022.'],['088-755177'],['swezie.nelly@cck.com.my']
CENTRAL COLDSTORAGE KUCHING SDN BHD,"LOT 999, SECTION 66, JALAN KELULI,BINTAWA INDUSTRIAL ESTATE,93450 KUCHING, SARAWAK.Sarawak",['31/08/2022.'],['082-336520'],['seruji@cck.com.my']
CHICWAN TRADING SDN BHD,"FLAT 106 TINGKAT1 1, NO 4 TAMAN BAMBOO, JALAN TUN HUSSEIN ONNJALAN SEBIEW, P. O. BOX 1233,BINTULU97000BINTULUSarawak",['31/05/2022.'],"['086-318725, 086-330725']",['chicmnfu@gmail.com']
COMERICH SDN. BHD.,"GROUND  FLOOR, SUBLOT 10 & 11, LRG METROCITY MATANG COMMERCIAL CENTRE, SECTION 65, KTLD,93050 KUCHING, SARAWAK.",['15/11/2022.'],['082-332159'],['enquiry@comerich.com.my']
D SMART TRADING,"NO. 2, PASAR AYAM JERANTUT,27000 JERANTUT, PAHANG.Pahang",['30/04/2022.'],['0196658633'],['ROSDI8633@GMAIL.COM']
DEENO FARM SDN BHD,"SURVEY LOT 772, 1ST FLOOR TAMAN LAMBIR JAYA,PHASE 4, BLOCK 13, BUKIT KISI L/D,98000 MIRI, SARAWAK",['31/10/2022.'],['0138824433'],['deeno.farm.sb@gmail.com']
DESA HATCHERY SDN BHD,"23 KM, JALAN PENAMPANG/PAPAR,LOK KAWI INDUSTRIAL ESTATE, 89580 KOTA KINABALU, SABAHSabah",['15/11/2022.'],['088-753008'],['rosnakahar@hotmail.com']
DINDINGS POULTRY PROCESSING SDN BHD,"SUITE 28.01, LEVEL 28, MENARA CITIBANK 165, JALAN AMPANG,50450, KUALA LUMPUR.","['15/11/2023', '31/08/2023', '30/06/2023', '31/12/2022', '15/11/2022', '30/04/2022.']",['03-21700999'],['mohdaslahbk@mflour.com.my / mariam@mflour.com.my']
DWAN ENTERPRISE,"LOT 1021, TEPUS GUNONG,16090, BACHOK, KELANTAN.",['15/11/2022.'],['0169244145'],['DWANENTERPRISE77@GMAIL.COM']
DYNAVEST FOOD INDUSTRIES SDN BHD,"PT 3088, JALAN INDUSTRI 1/1,KAWASAN PERINDUSTRIAN GOPENG,31600, GOPENG, PERAK.","['15/06/2023', '15/11/2022.']",['053573819'],['contact@dynavestfood.com.my']
EAST ASIA RABBIT CORPORATION SDN. BHD.,"LOT 1556MUKIM LENGGENG,71750, LENGGENG, NEGERI SEMBILAN.Negeri Sembilan",['15/09/2022.'],['0126362833'],['jwwong@earcsb.com']
ENG PENG COLD STORAGE SDN. BHD.,"LOT 9, INDUSTRIAL ZONE 8A,KOTA KINABALU INDUSTRIAL PARK,88450 KOTA KINABALU, SABAH.Sabah","['15/07/2023', '15/07/2023', '31/07/2022.']",['088-492033'],['patrick.shu@engpeng.com.my']
ERA BUMI AYAM SEGAR,"KAMPUNG SEBERANG BATU HAMPARSOLOK JELAWAI71300, REMBAU, NEGERI SEMBILAN.71300Negeri Sembilan",['15/03/2023.'],['06-6858947'],['erabumiayamsegar8947@gmail.com']
EVERGROWTH INTEGRATED FOOD INDUSTRIES SDN BHD ,"P.O. BOX 1027, 91008 TAWAU, SABAH.91008Sabah",['15/05/2022.'],['019-8533778'],['evergrowth.kk@gmail.com']
F.Y. SDN BHD,"27-28, PT 145363, OFF JALAN SERAMIK CHEPOR 11/1,PUSAT SERAMIK FASA 2,31200, CHEPOR, PERAK.","['31/12/2022', '15/12/2022.']",['05-2016199'],['fyfood@tm.net.my']
FAKHUN ENTERPRISE,"NO 9, JALAN TTS 3/5, TAMAN TASIK SEMENYIHTAMAN TASIK SEMENYIH,43500 SEMENYIH, SELANGOR.",['15/12/2022.'],['0122442447'],['zaschicken@gmail.com']
FARM'S BEST FOOD INDUSTRIES SDN BHD,"LOT 37 & 38,KAWASAN PERINDUSTRIAN MASJID TANAH,78300MASJID TANAHMelaka","['15/12/2023', '15/12/2023', '15/12/2023', '15/07/2023', '15/03/2023', '15/01/2023', '15/12/2022', '15/07/2022', '15/07/2022', '15/07/2022', '15/07/2022.']",['06-3847177'],['fblbr@farmsbest.com.my']
GEMESTA PUYUH ENTERPRISE,"KG NERAMBAI, LUBOK CHINA,71150, LINGGI, NEGERI SEMBILAN.",['15/12/2022.'],['0163282431'],['gemesta@yahoo.com.my']
GOLDEN ELITE FOOD SDN BHD,"NO. 30, PERSIARAN INDUSTRI BERCHAM 9,OFF JALAN BERCHAM, KAWASAN PERINDUSTRIAN RINGAN BERCHAM,31400, IPOH, PERAK",['15/11/2022.'],['055412208'],['qc_geip@klsp.com.my']
GOOD POULTRY SDN BHD,"NO 2 JLN SC 5/CPUSAT PERINDUSTRIAN SG.CHUA43000 KAJANG, SELANGOR.",['15/10/2022.'],['0123583191'],['ela@goodpoultry.com']
HAFIZ FARM SDN BHD,"P.O.BOX 60445,91114 LAHAD DATU, SABAHSabah",['30/04/2022.'],['089-885750'],['hafizfarm@yahoo.com']
HARUMI BRANDS SDN BHD,"PLOT 135 & 136, KAWASAN PERINDUSTRIAN PELABUHAN LUMUT,KAMPUNG ACHEH32000, SITIAWAN, PERAK32000SITIAWANPerak","['31/10/2022', '31/10/2022', '31/07/2022', '30/04/2022.']",['056921822'],['qc@dbegurney.com']
HDA POULTRY SDN. BHD. ,"LOT PT 17090, TAMAN DARUL IMAN,JALAN BATU RAKIT, KAMPUNG MENGABANG TELONG,21020, KUALA TERENGGANU, TERENGGANU.Terengganu",['15/07/2022.'],['096694742'],['hdapoultry@yahoo.com']
HEAP YEE BROTHERS PROCESSING SDN BHD,"3319, KAMPUNG MAYA,SALAK SOUTH,57100 KUALA LUMPUR. ",['15/02/2023.'],['03-79815327 / 79839618'],['heapyee@yahoo.com']
HLRB PROCESSING SDN BHD,"LOT 1828,1829 & 1830,MUKIM SERKAM, MERLIMAU,77300 JASIN, MELAKA.77300JASINMelaka","['15/07/2024', '29/02/2024', '29/02/2024', '15/01/2024', '15/12/2023', '15/10/2023', '15/07/2023', '15/04/2023', '31/12/2022', '31/08/2022', '31/08/2022', '15/06/2022', '15/05/2022.']",['06-2695633'],['zudinhl@yahoo.com']
HS NADA SDN BHD,"NO. 2 & 3, WISMA NADA,JALAN 11, SELAYANG BARU,68100 BATU CAVES, SELANGOR.","['15/01/2023', '15/12/2022.']",['0133223132'],['jiha.hsnada@gmail.com']
IN-PRO'S COLDSTORAGE MARKETING (T) SDN. BHD.,"TB 3215, EL-NYSA LIGHT INDUSTRIAL ESTATE, JLN KABOTA, MILE 3, JLN APAS, TAWAU EL-NYSA LIGHT INDUSTRIAL ESTATE, JALAN KABOTA, TAWAU91000TAWAUSabah",['31/01/2023.'],['089912946'],['inprostwu@gmail.com']
IQ AGRO FARM,"LOT 1030 KG. BULOH POH16450 KOTA BHARU, KELANTANKelantan",['15/04/2022.'],['0129605982'],['iqagrofarm@gmail.com']
JABATAN PERKHIDMATAN VETERINAR,"RUMAH SEMBELIH KUALA PILAH,LOT 4, KAWASAN PERUSAHAAN DIOH, 72000, KUALA PILAH, NEGERI SEMBILAN.Negeri Sembilan",['31/10/2022.'],['064812485'],['sitiaishah@dvs.gov.']
JABATAN PERKHIDMATAN VETERINAR,"RUMAH SEMBELIHANKOMPLEKS ABATOIR SENAWANG70720, SEREMBAN, NEGERI SEMBILAN.Negeri Sembilan",['15/09/2022.'],['06-6775126'],['rssenawang@yahoo.com']
JAYA GADING FARM SDN BHD,"LOT 117, KAWASAN PERINDUSTRIAN SEMAMBU,25350 KUANTAN, PAHANG",['31/10/2022.'],['095666566'],['syaiful@cab.com.my']
JIMAT JAYA SDN BHD,"NO.8, JLN SEGAMBUT LENTANG SEGAMBUT,51200 WILAYAH PERSEKUTUAN, KUALA LUMPUR","['15/05/2024', '31/12/2022.']",['03-62582114/2115'],['jimatjaya@hotmail.com']
JIMAT JAYA SDN BHD,"PLOT 21-24, KAWASAN INDUSTRI RINGAN BUKIT MAKMUR, SUNGAI LALANG, 08100 BEDONG, KEDAH DARUL AMAN, Kedah","['15/04/2024', '15/04/2023', '30/09/2022.']",['04-4483222'],['jimatjayasungaipetani@gmail.com']
K&L FARMING INDUSTRIES SDN. BHD,"SUBLOT 31, LOT 270-282,9TH MILES, JALAN PENRISSEN,93250 KUCHING, SARAWAK.",['31/01/2023.'],['082-614863'],['elvis.then@goldenchicks.com']
KERABAT PROCESSING HOUSE (PEDAS) SDN. BHD.,"LOT PT NO. 1769,KAWASAN MIEL PEDAS HALAL PARK,71400Negeri Sembilan","['30/06/2024', '15/01/2023', '15/11/2022', '15/11/2022', '15/10/2022', '31/08/2022', '31/07/2022.']",['06-6854333'],['halal@worldsign.com.my']
KHAIRUN NIZAM BIN SALEHUDDIN,"NO.3 GERAI AYAM ,PASAR TANI27000 JERANTUT,PAHANGPahang",['30/04/2022.'],['01113159891'],['aki_cracles@yahoo.com']
KL SUPREME PROCESSING SDN BHD,"NO. 5, PERSIARAN INDUSTRI, SRI DAMANSARA INDUSTRIAL PARK,52200 WILAYAH PERSEKUTUAN, KUALA LUMPUR.Wilayah Persekutuan",['31/10/2022.'],"['03-62736781,62736782,62774392/3']",['klsupreme@klsp.com.my']
KOMPLEKS ABATOIR BANTING," JABATAN PERKHIDMATAN VETERINARJALAN DENGKIL SG. MANGGIS42700 BANTING,SELANGORSelangor",['15/02/2023.'],['0331872751'],['kab_r11@yahoo.com']
KOMPLEKS ABATOIR DUNGUN,"JABATAN PERKHIDMATAN VETERINAR,KG.CHE LIJAH,23000 DUNGUN, TERENGGANU.Terengganu",['15/05/2022.'],['098485139'],['anuar.rsd@gmail.com']
KOMPLEKS ABATOIR GONG  BADAK KUALA TERENGGANU," JABATAN PERKHIDMATAN VETERINAR, KAWASAN PERINDUSTRIAN GONG BADAKKAWASAN PERINDUSTRIAN GONG BADAK, 21300,KUALA TERENGGANU, TERENGGANU.Terengganu",['30/09/2022.'],['09-6674225'],['abatoirterengganu@gmail.com']
KOMPLEKS ABATOIR IPOH (BAHAGIAN RUMINAN),"JABATAN PERKHIDMATAN VETERINAR MALAYSIA (JPV)LOT 465361, KM 2.5, JALAN LAHAT-MENGLEMBU,31450 MENGLEMBU, PERAKPerak",['30/04/2022.'],['052821019'],['syams_74@yahoo.com']
KOMPLEKS ABATOIR JASIN,"JABATAN PERKHIDMATAN VETERINARKM 18.5, BUKIT KEPOK, MERLIMAU,77300 JASIN, MELAKA.",['15/11/2022.'],['06-2632854'],['rsjasin_jpv@yahoo.com']
KOMPLEKS ABATOIR KOTA BHARU,"JABATAN PERKHIDMATAN VETERINAR, LOT 4098 & 4099, BLOK H, JALAN 20,KAWASAN PERINDUSTRIAN PENGKALAN CHEPA 2, 16100, KOTA BHARU, KELANTAN.Kelantan",['31/08/2022.'],['097731444'],['m.nasri@dvs.gov.my']
KOMPLEKS ABATOIR TELUK INTAN ,"JABATAN PERKHIDMATAN VETERINAR MALAYSIA (JPV)KM 14, JALAN TELUK INTAN-LUMUT,36000 TELUK INTAN, PERAKPerak",['30/04/2022.'],['05-6221693'],['rs.telukintan@gmail.com']
KOMPLEKS RUMAH SEMBELIH JEJAWI,"KOMPLEKS ABATOIR JEJAWI, JABATAN PERKHIDMATAN, VETERINAR, JALAN JEJAWI SEMATANGJABATAN PERKHIDMATAN VETERINAR, JALAN JEJAWI SEMATANG, 02600,ARAU, PERLIS.",['15/01/2023.'],['+6013488545'],['azu2309@yahoo.com']
KOMPLEKS RUMAH SEMBELIH TAIPING,"JABATAN PERKHIDMATAN VETERINAR MALAYSIA (JPV)JALAN POKOK ASSAM,34000 TAIPING, PERAKPerak",['31/03/2022.'],['058074611'],['rstaiping@yahoo.com']
KT TULUS JAYA ENTERPRISE,"LOT 930, BATU 8 1/4,JALAN BUKIT PINANG, KEPALA BATAS,06200 ALOR SETAR, KEDAH.",['31/01/2023.'],['0124708659'],['lfckt@hotmail.com']
LADANG KAMPBARU ,"NO 1. RUMAH SEMBELIHAN AYAM, PASAR BESAR JERANTUT27000 JERANTUT, PAHANGPahang",['30/04/2022.'],['0165913350'],['mohamadfikree17@gmail.com']
LADANG RELA SDN. BHD.,"KG. MADSIANG, KM.17, JALAN PENAMPANG, P.O BOX 276,89507 PENAMPANG, SABAH.Sabah",['30/06/2022.'],['088-716181'],['imyingmiracle@gmail.com ']
LAY HONG FOOD CORPORATION SDN BHD,"LOT 16456, 16457 & 16486, JALAN SUNGAI TENGKORAK, BAGAN TENGKORAK, 45500 TANJONG KARANG, SELANGOR.45500TANJONG KARANGSelangor","['30/11/2024', '15/12/2023', '15/10/2023', '15/05/2023', '30/04/2023', '15/12/2022', '30/06/2022', '31/05/2022.']",['0162188806'],['lhfc-qa1@layhong.com.my']
LEONG HUP AGROBUSINESS SDN BHD,"3RD FLOOR, WISMA WESTCOURT,126, JALAN KLANG LAMA,58000 WILAYAH PERSEKUTUAN, KUALA LUMPUR.58000KUALA LUMPURWilayah Persekutuan","['30/11/2023', '31/07/2023', '15/04/2023', '31/12/2022', '30/06/2022', '30/06/2022.']",['0379808086'],['kewyianping@lhhb.com']
LEPAN JAYA FOOD SDN BHD,"NO.2008-2009, BANDAR BARU, 18300, GUA MUSANG, KELANTAN. ",['31/01/2023.'],['0129885793'],['ma_food@ymail.com']
M ENTERPRISE,"NO. 7, PERSIARAN INDUSTRI BERCHAM 12,KAWASAN PERINDUSTRIAN RINGAN BERCHAM,31400, IPOH, PERAK.",['15/11/2022.'],['0125270725'],['m888enterprise@gmail.com']
MAHASAL SDN. BHD.,"LOT 382, BLOCK NO.3,SUNGAI MERADONG, SARIKEI,96508 BINTANGOR, SARAWAK.",['31/10/2022.'],['013-5603902'],['mirodonimahbar@gmail.com']
MARS GLOBAL SDN. BHD.,"PTD 106227 JALAN SEROJA 28BANDAR INDAHPURA81000 KULAI, JOHOR.",['31/01/2023.'],['076523073'],['marsglobal999@gmail.com']
MHN POULTRY FARM SDN BHD,"PT1566 KAMPUNG PADANG LAYANG PENDEK15100, KOTA BHARU, KELANTAN.",['15/11/2022.'],['0199811344'],['MHNPOULTRYFARM@GMAIL.COM']
MM EXCELLENT (M) SDN BHD,"SI-30-09, D'SARA SENTRAL, JALAN WELFARE,KAMPUNG BARU SUNGAI BULOH, SEKSYEN U19,40160 SHAH ALAM, SELANGOR.Selangor",['15/04/2022.'],['0350303684'],['mmgroupg@gmail.com']
MUSALMAH FARM SDN BHD,"108, KG BANGGOL KATONG, SERADA,20050 KUALA LTERNGGANU, TERENGGANU.20050Terengganu",['15/05/2022.'],['0179512374'],['musalmah.farm@gmail.com']
MUTIARA JUTAMAS SDN BHD,"NO. 5, KAMPUNG SUNGAI LEBAI YAHYA,JALAN PEKAN PALOH HINAI,26600 PEKAN, PAHANG.",['30/11/2022.'],['013-9153552/017-9526620'],['mutiarajutamas@yahoo.com.my']
NAFAS FOOD PROCESSING & MARKETING SDN. BHD. ( FORMELY KNOWN AS NAFAS FOOD PROCESSING SDN. BHD. ),"NO. 1549, MUKIM 12, VALDOR INDUSTRIAL LAND14200, SUNGAI BAKAP, PULAU PINANG. Pulau Pinang",['31/10/2022.'],['604-5828899'],['nafasfp@tm.net.my']
NAS MADI VENTURE SDN BHD,"LOT 26, KAWASAN PERINDUSTRIAN KUALA PERLIS,02000, KUALA PERLIS, PERLIS. ",['15/01/2023.'],['0185794235'],['nasmadi9910@gmail.com']
NB POULTRY PROCESSING INDUSTRIES SDN BHD,"PTD 7904, KG PARIT BARU SELANGOR, BATU 31, 82000 PONTIAN, JOHOR.","['31/12/2023', '31/12/2022.']",['07-6881408'],['hakimnbpoultry@gmail.com']
NEW BALOK POULTRY INDUSTRIES SDN BHD,"22-26 JALAN IM 14/4 ,TAMAN INDUSTRIAL KOTA PRIMA FASA 1PRIMA KOTA FASA 1,25200 KUANTAN, PAHANG.",['31/12/2022.'],['095088328'],['halaldept@newbalok.com']
NGUONG SUNG FARM SDN BHD,"LOT 1284, JALAN UBAH LANANG, 96000 SIBU, SARAWAK.",['15/12/2022.'],['084311908'],['nguongsungfarm@hotmail.com']
NTKK POULTRY PROCESSING SDN BHD,"NO. 13 & 15, LALUAN INDUSTRI LAHAT 4,KAWASAN PERINDUSTRIAN RIMA,31500, IPOH, PERAK.Perak",['31/08/2022.'],['053667757'],['ntkk_business@yahoo.com']
PCK PROCESSING & MARKETING SDN BHD,"LOT 26136, ESTATE PERINDUSTRIAN,32040 SERI MANJUNG, PERAKPerak",['15/03/2023.'],['056885592'],['pck_group@live.com']
PELANGI PROCESSING SDN BHD,"45, LINGKUNGAN RAJA LUMU,KAWASAN PERINDUSTRIAN PANDAMARAN, PELABUHAN KLANG,42000 KLANG, SELANGOR.42000Selangor","['30/11/2023', '30/11/2022.']",['03-31650050'],['ppsb45@yahoo.com']
PEMROSESAN AYAM BD,"KM 19,KG BELIMBING DALAM,76100 DURIAN TUNGGAL, MELAKA.",['15/12/2022.'],['0122222697'],['syamsulrahman045089@gmail.com']
PERAK DUCK FOOD INDUSTRIES SDN BHD,"LOT 3525, KAMPUNG NIBONG, TEMERLOH,34800, TRONG, TAIPING, PERAK","['30/11/2023', '31/07/2023', '15/01/2023.']",['058544146'],['duckling_pdi@yahoo.com']
PERNIAGAAN A YAMMIE,"15, KLEBANG BISTARI 5,KAWASAN PERINDUSTRIAN KLEBANG BISTARI,31200 CHEMOR, PERAKPerak",['15/02/2023.'],['0183354180'],['ayammiesdnbhd@gmail.com']
PERNIAGAAN ADIK BERADIK CHENG,"KEDAI NO. 6, GERAI AYAM, PASAR BARU,27000 JERANTUT, PAHANG.Pahang",['31/05/2022.'],['0199308711'],['TIADA']
PERNIAGAAN AYAM DAGING YEW,"PT 4253, MUKIM LUMUT,32040 SERI MANJUNG, PERAKPerak",['15/02/2023.'],['0125106312'],['ayamyew@hotmail.com']
PERNIAGAAN HENG WANG,"NO.7,  STOR AYAM PASAR BESAR JERANTUT 27000 JERANTUT, PAHANG",['28/02/2023.'],['0169408081'],['TIADA']
PERTANIAN TUARAN MARKETING S/B,"BATU 16, JALAN TUARAN,P.O.BOX 13335,88837 TUARAN, SABAHSabah",['31/03/2022.'],['088490888'],['ptm9889@gmail.com ']
PERTUBUHAN PELADANG NEGERI SELANGOR,"TINGKAT 1, PELADANG MART PPNS, MENARA PPNS, LOT 8, PERSIARAN DAMAI, SEKSYEN 11,40000 SHAH ALAM, SELANGOR.40000SHAH ALAMSelangor","['15/02/2023', '15/04/2022.']",['0129146520'],['faizuddinnaim.ppns2018@gmail.com']
PERTUBUHAN PELADANG NEGERI WILAYAH PERSEKUTUAN ,"LOT CL205368252, RANCHA-RANCHA, TINGKAT BAWAH, BANGUNAN LEMBAGA PERTUBUHAN PELADANG, KM.5, JALAN POHON,87020 WILAYAH PERSEKUTUAN LABUAN.W.P. Labuan",['15/05/2022.'],['087428457'],['ppnwilayah@yahoo.com.my']
PG LEAN HWA TRADING SDN BHD,"1486, MK 12, JALAN SERUNAI, LADANG VALDOR, SUNGAI BAKAP,  SUNGAI JAWI14200SUNGAI JAWIPulau Pinang","['28/02/2023', '28/02/2023', '31/10/2022', '15/06/2022.']",['04-5824720'],['pgleanhwa@yahoo.com']
PK AGRO-INDUSTRIAL PRODUCTS (M) SDN. BHD.,"LOT 10, MIEL BUILDING,SENAWANG INDUSTRIAL ESTATE,70450, SENAWANG, NEGERI SEMBILAN.70450SEREMBANNegeri Sembilan","['15/08/2024', '31/05/2023', '15/11/2022', '15/10/2022', '15/08/2022.']",['06-6783332/06-6788425'],['asma.abh@cp-malaysia.com']
POULTEC ENTERPRISE SDN BHD,"SP 97 & SP 109,KAWASAN INDUSTRI RINGAN SUNGAI PETAI,78000 ALOR GAJAH, MELAKA. ","['15/09/2023', '31/07/2023', '31/05/2023', '15/12/2022', '30/09/2022.']",['065566118'],['poultecayamsarjan@gmail.com']
PPES TERNAK SDN BHD,"LOT 1641, BLOK 5, SENTAH-SEGU LAND DISTRICT, SIBURAN,94700 SERIAN, SARAWAK.","['31/01/2023', '31/05/2022.']",['082-860111'],['ppesternak@yahoo.com']
PTS POULTRY PROCESSING (BP) SDN. BHD.,"NO. LOT 1310, BATU 4 1/2JALAN MINYAK BEKU83030 BATU PAHAT, JOHOR83030BATU PAHATJohor",['31/12/2022.'],['074280130'],['halalmb@pts.hyfresh.com.my']
PUSAT MEMPROSES AYAM TERUNTUM,"LOT 10  ( B40 ), KAWASAN  MIEL  PADANG  LALLANG,, LORONG 1, JALAN  PADANG  LALANG,LORONG 1, JALAN PADANG LALLANG,KUANTAN, PAHANG  DARUL  MAKMUR.25000KUANTAN, PAHANG  DARUL  MAKMUR.Pahang",['30/04/2022.'],['0169500093'],['ayamteruntum@gmail.com']
PUYUH MUTIARA ENTERPRISE,"LOT 12843, JALAN TIGA,13200 KEPALA BATAS, PULAU PINANG.Pulau Pinang",['31/03/2022.'],['0195101828'],['puyuhmutiara@gmail.com']
QL AGROVENTURES SDN BHD,"CL 215376542 & CL 215376551, KAMPUNG TOMBOVO, PUTATAN, 88200 KOTA KINABALU, SABAH.Sabah",['28/02/2023.'],['088762401'],['nhshoo@ql.com.my']
QL LIVESTOCK FARMING SDN. BHD.,"GROUND & 1ST FLOOR, S/L 2490,FORTUNE LAND, ROCK ROAD,93200 KUCHING, SARAWAK.",['15/03/2023.'],['(082) 252760/240068'],['ql_agroresources@yahoo.com']
QL TAWAU FEEDMILL SDN. BHD.,"TB 50 & 51 MILE 5, APAS ROAD, P.O. BOX 61651,91022 TAWAU, SABAH.Sabah","['15/03/2023', '30/04/2022.']",['089-917711'],['qltawauhq@ql.com.my']
RASTAMAS COLD STORAGE SDN BHD,"WISMA RASTAMAS, KM 7 JALAN APAS,, WDT 99,WDT 99,TAWAU91009TAWAUSabah",['28/02/2023.'],['089-913235'],['manukmas@gmail.com']
"RUMAH SEMBELIH BENTONG, JABATAN PERKHIDMATAN VETERINAR","LOT 24 B,KAWASAN PERINDUSTRIAN BENTONG,28700 BENTONG, PAHANG.Pahang",['30/04/2022.'],['09-2235393'],['abatoirbent@yahoo.com']
RUMAH SEMBELIH HJ ADAM SDN BHD,"PLOT E, LADANG TENUSU MUADZAM,KM6, JALAN ROMPIN, 26700 MUADZAM SHAH, PAHANG.Pahang",['30/09/2022.'],['0136149478'],['muhammadmitha81@gmail.com']
RUMAH SEMBELIH KUANTAN,"KM 19, JALAN KUANTAN GAMBANG,25720 KUANTAN, PAHANG.Pahang",['30/09/2022.'],['095384422'],['abdraffar@dvs.gov.my']
RUMAH SEMBELIH RUMINAN JABATAN PERKHIDMATAN VETERINAR,"RUMAH SEMBELIH TEMERLOHJABATAN PERKHIDMATAN VETERINAR, LOT 66 KAWASAN PERINDUSTRIAN SONGSANG28000 TEMERLOH, PAHANG28000Pahang",['30/04/2022.'],['092772779'],['zaidi.ismail@dvs.gov.my']
"RUMAH SEMBELIH RUMINAN KUALA LIPIS, JABATAN PERKHIDMATAN VETERINAR MALAYSIA","KOMPLEKS RUMAH SEMBELIH KUALA LIPIS, KM7 JLN PADANG TENGKU27200 KUALA LIPIS, PAHANG DARUL MAKMUR",['31/01/2023.'],['093124867'],['rskl_phg@yahoo.com']
RUMAH SEMBELIH RUMINAN SEBERANG PERAI,"RUMAH SEMBELIH RUMINAN SEBERANG PERAILOT 798 MUKIM 11 BUKIT TENGAH14000, BUKIT MERTAJAM, PULAU PINANG.",['31/10/2022.'],['04-5089051'],['rsbtpp@gmail.com']
SABAH MEAT TECHNOLOGY CENTRE,"JABATAN PERKHIDMATAN VETERINAR, KINARUT, PAPAR,89608 KOTA KINABALU, SABAH.Sabah",['30/06/2022.'],['088 752307'],['alias.ahmat@sabah.gov.my / ardiesollehan.mahali@sabah.gov.com.my']
SATOYAMA FARM SDN BHD,"1ST FLOOR NO. 7, LOT 8513, TABUAN STUTONG COMMERCIAL CENTRE, JALAN SETIA RAJA,93350 KUCHING, SARAWAK.",['15/11/2022.'],['082363162'],['ramzi.hamdi@gmail.com']
SAWIT KINABALU FARM PRODUCTS SDN BHD,"LOCKED BAG NO. 28, KM 2.5, JALAN KUHARA91009, TAWAU,MALAYSIA91009TAWAUSabah",['15/03/2023.'],['089951896'],['skfpsb@sawitkinabalu.com.my']
SBL QUAIL FARM SDN. BHD.,"E 301BATU 3 1/4, JALAN BAKRI,84000 MUAR, JOHOR",['31/12/2022.'],['0127770939'],['tohtianyaw@yahoo.com']
SG DAMAI ENTERPRISE,"NO. 8, LORONG PERUSAHAAN PENGKALAN 5,TAMAN PERUSAHAAN PERKHIDMATAN PENGKALAN,34000, TAIPING, PERAK",['30/11/2022.'],['0166335775'],['SGDAMAIENT@GMAIL.COM']
SIAK LIANG ENTERPRISE SDN BHD,"LOT 621, BLOCK 24,MTLD JALAN DATUK MOHD. MUSA,94300 KOTA SAMARAHAN, SARAWAK.","['28/02/2023', '31/01/2023.']",['082-619300'],['siakliangenterprise@gmail.com']
SMART FOOD VENTURE NETWORKING SDN BHD,"NO. 11 & 12, LUMUT PORT INDUSTRIAL PARK, PHASE II,LEBUH IKS, KAWASAN INDUSTRI KAMPUNG ACHEH,32000, SITIAWAN, PERAK.Perak",['31/08/2022.'],['056925512'],['smartfoodventure@yahoo.com']
SN GROUP ENTERPRISE (M) SDN BHD,"PT 11513, JALAN TELUK MENGKUANG42500 TELUK PANGLIMA GARANGSELANGORSelangor",['15/04/2022.'],['0331226605'],['sngroupsdnbhd@gmail.com']
SRI SEGAR FOOD CORPORATION SDN BHD,"LOT 522, JALAN TUDM,KAMPUNG BARU SUBANG, BATU 3,40150 SHAH ALAM, SELANGOR.","['31/12/2022', '31/03/2022.']",['03-78459888'],['kongleeeng@yahoo.com']
STC POULTRY PROCESSING SDN. BHD.,"LOT. 8, KAWASAN MIEL PERINDUSTRIAN SEMAMBU,25350 KUANTAN, PAHANG.",['28/02/2023.'],['09-566 4218/ 4219'],['stcpp@hotmail.com']
STF AGRICULTURE SDN. BHD.,"NO. 3, LORONG 1 H KKIP SELATAN, INDUSTRIAL ZONE 2 (IZ2)KOTA KINABALU INDUSTRIAL PARK88460 KOTA KINABALU, SABAHSabah","['30/09/2024', '15/05/2022.']",['088787917'],['shaidatulnihar@yahoo.com']
SUMOBEK SDN BHD,"NO 324-G, JALAN BANDAR SENAWANG 17,PUSAT BANDAR SENAWANG 70450 SEREMBAN, NEGERI SEMBILAN.Negeri Sembilan",['15/04/2022.'],['066758424'],['semosa1997@gmail.com']
SYAMIDI ENTERPRISE,"NO. 4, RUMAH SEMBELIHAN AYAM,27000 JERANTUT, PAHANG.Pahang",['30/04/2022.'],['019-9682418'],['Inamidi1718@gmail.com']
SYARIKAT PERNIAGAAN HAJI BUDIN,"LOT 1171 PEKAN PEDASLOT 1179, JALAN DPP 1/1, DESA PERMAI PEDAS, 71400,PEDAS, NEGERI SEMBILAN.",['15/11/2022.'],['0197489510'],['shjbudin@gmail.com']
TAIPING GEMILANG SDN BHD ,"PT 4587, JALAN PERUSAHAAN TUPAI,KAWASAN PERUSAHAAN RINGAN TUPAI, 34000, TAIPING, PERAK.","['30/11/2023', '30/11/2022.']",['058066776'],['taipinggemilang@yahoo.com']
TAIPING POULTRY TRADING,"LOT 46, LORONG KILANG 14,KAWASAN PERINDUSTRIAN RINGAN TUPAI,34000, TAIPING, PERAK","['15/11/2023', '15/11/2022.']",['058072773'],['chuahkfc9298@gmail.com']
TELIC FARM SDN BHD,"LOT 1803-1, JALAN TAMAN MASJID TANAH,MASJID TANAH,78300 ALOR GAJAH, MELAKA.","['15/04/2023', '15/04/2022.']",['0126117128'],['telicfarm@gmail.com']
UK FARM SDN BHD (FORMERLY KNOWN: SUPERFICIENT MARKETING SDN. BHD),"PLOT 8, PROJEK PERTANIAN MODEN KLUANG,KM 13, JALAN BATU PAHAT,86000 KLUANG, JOHOR.","['31/12/2022', '31/08/2022.']",['07-7597555'],['info@ukfarm.com.my']
WANGSA MAJU JAYA ENTERPRISE,"99, JALAN PINANG JAYA BUKIT PINANG,06200 KOTA SETAR, KEDAH.",['31/01/2023.'],['0194513902'],['wangsamjent@gmail.com']
