Company Name,Kitchen,,Company Address,Expired Date (Halal),Phone No.,Email
 FA LAI ENTERPRISE,MEDAN SELERA MANJUNG MUSANG KING,,"NO 2485A, TAMAN SAMUDERA ,30240SRI MANUNG Perak",31/12/2024.,103847730,syakfalai@gmail.com
 HEXALENT MANAGEMENT SDN BHD,,,KOPTOWN EDC HOTEL JALAN RAJA LAUTKUALA LUMPUR50350KUALA LUMPURWilayah Persekutuan,31/10/2024.,603-40519191,finance@edckl.com.my
10 CHICKEN DUCK RESTAURANT,,,"10, KAWASAN REHAT & RAWAT NILAI ARAH SELATAN,LEBUHRAYA KL-SEREMBAN,71800Negeri Sembilan",15/10/2023.,176139799,catherinehyc7389@yahoo.com
11 BREAK CAFE,,,"NO. 11, HENTIAN SEBELAH BUKIT GANTANG (U),PROJEK LEBUHRAYA UTARA SELATAN (PLUS),34850 CHANGKAT JERING, PERAKPerak",15/7/2024,175993916,cafe11break@gmail.com
31 CITA RASA SDN. BHD.,MALA MALA MID VALLEY,,"262G, WISMA MUTIARA GENTING,JALAN GENTING KLANG53300SETAPAKWilayah Persekutuan",31/01/2024.,163233206,terrance@malamala.com.my/ yinggirl1002@gmail.com
9 KOPITIAM SDN. BHD.,9 KOPITIAM,,"NO. G-10, SILK RESIDENCE,JALAN SUTERA, LEBUHRAYA SILK43200CHERASSelangor",29/02/2024.,60132524891,9kopitiam.halal@gmail.com
A AQIL ENTERPRISE,KANTIN SEKOLAH MENENGAH TENGKU AMPUAN FATIMAH,,"NO 106,LORONG 1/1 TAMAN PERDANA PERAMU 26600PEKANPahang",31/10/2024.,109066957,anmh0211@gmail.com
A&W MALAYSIA SDN BHD,,,"NO 1 JALAN NILAM 2, TAMAN PERINDUSTRIAN TEKNOLOGI TINGGI SUBANG47500SUBANG JAYASelangor",31/12/2024,03-58887600,syahida@engfood.com.sg
ABADI UTAMA ENTERPRISE,EA TUNA CHEF,,"NO.35, JALAN CASSIA SELATAN 3/3,TAMAN PERINDUSTRIAN BATU KAWANBANDAR CASSIA,14110 BATU KAWAN, PULAU PINANG. Pulau Pinang",31/10/2023.,1110999079,abadiutama@aufigroup.com / abadiutama_4201@yahoo.com.my
ABBA DELIGHTS SDN BHD,ABBA HOT POT & JAPANESE FUSION,,"NO 41,JALAN SS2/6447300PETALING JAYASelangor",15/01/2025.,193158118,estheronn@gmail.com
ABDULLAH BIN KASIM ,,,GERAI NO 5 KAWASAN RAWAT KAWASAN ARAH UTARA08300GURUNKedah,31/12/2023.,177133829,dshcapitals@gmail.com
ABY ND GEAR BOX,GERAI MAKAN,,"NO,13 R&R GAMBANG ARAH BARAT LPT GAMBANG 26300KUANTANPahang",15/07/2024.,196008182,andiabdi8182@gmail.com
ACAPPELLA SUITE HOTEL SDN. BHD.,,,"ACAPPELLA SUITE HOTEL8, PERSIARAN SUKAN,SEKSYEN 1340100Selangor",30/4/2024,350398888,normi.jaafar@gmail.com
ACENTREND CORPORATION SDN BHD (PULLMAN KUALA LUMPUR CITY CENTRE HOTEL AND RESIDENCES),PULLMAN KUALA LUMPUR CITY CENTRE HOTEL & RESIDENCES,,NO 4 JALAN CONLAY50450Wilayah Persekutuan,30/6/2023,321708888,enquiry@pullman-klcc.com
AD EMPIRE RESOURCES,PAT MAT KOAY TEOW THNG,,"NO. 59, PINTASAN MAKLOOM 5JALAN MAKLOOM10150GEORGETOWNPulau Pinang",15/12/2023.,1163539449,pakmatkoayteow@gmail.com
ADAM AQEM ENTERPRISE,GERAI NO 13 (MAKANAN),,"NO 13 KAWASAN REHAT & RAWAT PAKA ARAH UTARA LPT2, 23100 DUNGUN TERENGGANU23100DUNGUNTerengganu",15/03/2024.,194983800,azleedya86@gmail.com
ADDA FRUITS ENTERPRISE,"ADDA FRUITS ENTERPRISE, HENTIAN SEBELAH BUKIT GANTANG (U)",,"3U, HENTIAN SEBELAH BUKIT GANTANG (U),PROJEK LEBUHRAYA UTARA SELATAN (PLUS),34850 CHANGKAT JERING, PERAKPerak",31/01/2024.,175787549,keyrollezam@icloud.com
ADDON WHITE COFFEE SDN BHD,ADDON WHITE COFFEE,,"49, JALAN RAJA MUSA AZIZ,30300IPOHPerak",30/11/2024.,165921175,AddonWhiteCoffee22@gmail.com
ADEN SERVICES MALAYSIA SDN BHD,KANTIN PETROLEUM EQUIPMENT AND SUPPLIES SDN BHD ,,"PETROLEUM EQUIPMENT AND SUPPLIES SDN BHDLOT 67894, JALAN FZ3-P6PORT KLANG FREE ZONE KS1242920PORT KLANGSelangor",15/04/2023.,125552692,mohdsyamsul.bahri@adenservices.com
ADENA RESORT MANAGEMENT SDN. BHD.,ADENA CAFE,,"LOT 1260, MUKIM SUNGAI KARANG, KUANTANMUKIM SUNGAI KARANGPAHANG26100PAHANGPahang",30/11/2024.,95441111,shaharah@adenaresort.com
ADIM MAJU ENTERPRISE,"ADIM RIMBA CAFE, R&R SUNGAI PERAK (S)",,"NO. 118, KAMPUNG RAMBAI TUJUH,33000 KUALA KANGSAR, PERAKPerak",31/01/2024.,194659141,aminahnor347@gmail.com
ADMIRAL MARINA BERHAD (HOTEL),,,"BATU 5 1/2, JALAN PANTAI,SI RUSA,71050PORT DICKSONNegeri Sembilan",15/12/2024.,06-6470888,info@admiralmarina.com.my 
ADVANCED PRESTIGED SDN BHD,,,"1, SUTERA HARBOUR BOULEVARD,88100KOTA KINABALUSabah",30/9/2023,088 - 308071,aziz.sidop@suteraharbour.com.my
ADVENTIST HEALTH SERVICES (MALAYSIA) SDN. BHD.,,,"465, JALAN BURMA,10350, GEORGETOWN, PULAU PINANG.",31/5/2024,04-2227505,foodservices@pah.com.my
AEI INTERNATIONAL BERHAD,MY CAFE,,"NO. 56, JALAN CHOW THYE.OFF JALAN BURMA,10050, PULAU PINANG.Pulau Pinang",15/11/2024,45388826,joseph@aei.com.my
AEON BIG (M) SDN. BHD. ( FORMELY KNOWN AS MAGNIFICIENT DIAGRAPH SDN. BHD.),,,"HEAD OFFICE, 3RD FLOOR, AEON TAMAN MALURI SHOPPING CENTRE,JALAN JEJAKA, TAMAN MALURI,55100CHERASWilayah Persekutuan",15/2/2025,03-92072005,sufari.ishak@aeonretail.com.my
AEON CO. (M) BHD,,,"HEAD OFFICE, 3RD FLOOR, AEON TAMAN MALURI SHOPPING CENTRE,JALAN JEJAKA, TAMAN MALURI, 55100CHERASWilayah Persekutuan",15/2/2025,03-92072005,sufari.ishak@aeonretail.com.my
AFIQ ZULKIFLI ENTERPRISE,GERAI A7 MINUMAN,,NO.2366-13 JALAN KAPOR KAMPUNG MAK CHILI24000Terengganu,15/01/2024.,1110955219,roseaziaah@gmail.com
AH CHENG LAKSA TRADING SDN. BHD.,AH CHENG LAKSA,,"NO 2 & 4, JALAN INDUSTRI USJ 1/1 TAMAN PERINDUSTRIAN USJ 1 47600 SUBANG JAYA, SELANGOR47600SUBANG JAYASelangor",28/02/2025.,03-80817146,aclgov@ahchenglaksa.com.my
AHMAD BIN ISMAIL,,,GERAI NO 14TEMERLOH TIMURKAWASAN REHAT LEBUHRAYA PANTAI TIMUR28000TEMERLOHPahang,31/01/2025.,129012185,aznanahmad98@gmail.com
AHMAD YANI BIN AMINUDDIN,"FYS CAFE, HENTIAN SEBELAH BUKIT GANTANG (U)",,"NO. 22, PERSIARAN WIRAJAYA BARAT 60,TAMAN RAPAT SETIA BARU,31350 IPOH, PERAKPerak",29/02/2024.,165515070,faiyan.sgi@gmail.com
AHROY THAI CUISINE,,,"NO. 46-48, GRD FLOOR & BASEMENT FLRJALAN MANIS 1TAMAN SEGAR56100Wilayah Persekutuan",30/09/2023.,391332330,ahroy_rest@yahoo.com
AHZO FOOD STALL,,,"NO,10 R&R GAMBANG ARAH BARAT,LPT GAMBANG26300KUANTANPahang",29/02/2024.,123444479,naz3774@yahoo.com
AI BAKE BAKERY PLT,AI BAKE BAKERY & GIFT,,"NO 3A, JALAN 15, DESA JAYA52100 KEPONGWILAYAH PERSEKUTUAN KUALA LUMPUR",15/10/2024,125168189,ai.bake.cookies@gmail.com
AIDA TEGUH UTARA ENTERPRISE ,,,GERAI NO 2 KAWASAN REHAT & RAWAT LEBUHRAYA UTARA SELATAN08300GURUNKedah,15/04/2024.,125505057,noraidahmatsaidaidacafe69@gmail.com
AIMAN RESTU ENTERPRISE,DEWAN MAKAN INAPAN KASIH SAYANG,,"27, TINGKAT ATAS, TAMAN PASIR EMAS,JALAN BALIK PULAU,11000, BALIK PULAU, PULAU PINANG.",28/02/2023.,48661951,aimanrestu99@gmail.com
AJI MESTIKA FOODS SDN BHD,RESTORAN MALATOOP,,"NO. 36, JALAN DATUK SULAIMANTAMAN TUN DR ISMAIL, KUALA LUMPUR60000KUALA LUMPURWilayah Persekutuan",15/06/2023.,126090121,stephen@malatoop.com
AJI SUSHI SDN BHD,AJI SUSHI,,"42(G),JALAN 7/7,SEKSYEN 7 BANDAR BARU BANGI43650SELANGORSelangor",15/02/2025.,123605259,ajisushimalaysia@gmail.com
AL-ARABY MATHA'AM (M) SDN BHD,,,"G3-G4, TESCO EXTRA SEBERANG JAYA,13700SEBERANG JAYAPulau Pinang",31/05/2023.,43993880,arabymathaam.bbm@@gmail.com
AL-HABSHEE ENTERPRISE,,,"STESEN MINYAK PETRONAS,LOT 1333,BANDAR BARU ROMPIN26800KUALA ROMPINPahang",31/10/2023.,145296712,binapermaienterprise@gmail.com
ALADDINTI SDN. BHD.,ALADDINTI,,NO 31 JALAN KOTA 2TAMAN CAHAYA KOTA PUTERI81750MASAIJohor,29/02/2024.,137696666,aladdintimy@gmail.com
ALANNA KITCHEN,ALANNA'S KITCHEN,,"NO:8, JALAN PANDAN INDAH 1/23DPANDAN INDAH, 55100Wilayah Persekutuan",30/11/2024.,125518227,alannakitchen15@yahoo.com
ALFRESCO DELIGHT SENDIRIAN BERHAD,,,"BLK 13A-C, SUMWAY PRIMA, LINTANG SUNGAI TIRAM 5,11900Pulau Pinang",31/1/2025,164003777,halal.ainis@canteen.my
ALL BEST FOOD GROUP PLT,"WFC WHOLE FRIED CHICKEN, MOYAN SQUARE  KUCHING",,"LOT 12, BLOCK A1, SARADISE KUCHING, JALAN SARADISE, 93350 KUCHING93350KUCHINGSarawak",31/05/2023.,138227000,csl7000@yahoo.com
ALL JOY GOOD FOOD CENTRE,ALL JOY WISMA SEBERKAS,,"LOT UG 01A, GRD FLOOR, WISMA SABERKAS93000KUCHINGSarawak",15/11/2023.,128098288,rachelchan2708@gmail.com
ALM HOSPITALITY SDN. BHD.,,,"LOT 5509, JALAN WISMA PERSEKUTUANMITCAYER KEROH75450Melaka",30/09/2024.,62347733,hr@themudzaffarhotel.com / almahrum@themudzaffarhotel.com
ALNUR ENTERPRISE,ALNUR ENTERPRISE,,"LOT 99, KAMPUNG PAYA, JALAN KUALA KANGSAR,34850 CHANGKAT JERING, PERAKPerak",29/02/2024.,135102014,ghazalib949@gmail.com
ALONG CAFE CORNER,"ALONG CAFE CORNER (R&R DENGKIL, LEBUHRAYA ELITE)",,"N5. KM 23, LEBUHRAYA UTARA SELATANHUBUNGAN TENGAHDENGKIL43800Selangor",30/11/2024.,012 9039766,ruru_324@hotmail.com
ALUNAN JUJUR SDN. BHD.,SAMUDRA HOTEL,,"LOT 379, LORONG 6, SECTION 10, KTLD, JALAN NANAS, 93400 KUCHING, SARAWAK94300Sarawak",15/07/2023.,82421099,admin@samudrah.my
AMBON BOENDA SDN BHD,,,"NO 98-1, JALAN PJU 1/3B SUNWAYMAS COMMERCIAL CENTRE47301Selangor",15/09/2024.,123650822,ambon.bakery@gmail.com
AMINAH BINTI HAJI SHARIF,AMINAH BINTI HAJI SHARIF,,"NO. 2 HENTIAN SEBELAH BUKIT GANTANG, ARAH SELATAN LEBUHRAYA , TAIPING, PERAK.PROJEK LEBUHRAYA UTARA SELATAN (PLUS),TAIPING34030TAIPINGPerak",15/07/2024.,125732312,surhayaghazali@gmail.com
AMINAH BT ABDULLAH,SELERA MALAM (SUP POWER),,"TAMAN HARMONI, STALL NO.12( TO SELL COOKED FOOD )96000SIBUSarawak",29/02/2024.,133473013,halaljais.sijil@sarawak.gov.my
AMPANG PUTERI SPECIALIST HOSPITAL,,,"NO 1, JALAN MAMANDA 9TAMAN DATO' AHMAD RAZALI68000AMPANGSelangor",30/11/2023.,03-42895000,shakila_pingi@kpjampang.com
AMPLE PROSPERITY SDN BHD,RESTORAN K8 ,,"55E & 56E, 4TH FLOOR,  JALAN USJ 10/1F, TAIPAN BUSINESS CENTRE 47620SUBANG JAYASelangor",15/12/2024.,122013095,faezah.mansor@ampleprosperity.com
AMVERTON HERITAGE RESORT(PEMBINAAN KESENTOSAAN SDN BHD),DAYANG COFFEE HOUSE,,"AMVERTON HERITAGE RESORT,JALAN PUTERI 1,AYER KEROH, MELAKA.75450Melaka",15/03/2024.,62323333,enquiries@amvertonheritage.com
ANCASA HOTEL KUALA LUMPUR,,,UDA ANCASA SDN BHDLOT PT 81 & 89 SEK 56LORONG SULTAN50000Wilayah Persekutuan,30/11/2024.,03-2026 6060,cost@ancasahotels.com
ANGKARAMA SDN BHD,MAMA KIM - SAUNA MEE,,NO. 943JALAN SULTAN MAHMUDKUALA IBAI20400KUALA TERENGGANUTerengganu,31/01/2025.,09-6163377,mamakimhalal@gmail.com
ANJUNG SELERA RTIEZ,"ANJUNG SELERA RTIEZ, HENTIAN SEBELAH BUKIT GANTANG (S)",,"LOT 1640A, KAMPUNG CHEH TENGAH,BUKIT GANTANG,34850 CHANGKAT JERING, PERAK34850Perak",31/01/2024.,1116363990,anjungselerartiez@gmail.com
ANNYEONGHASEYO ASIA SDN BHD,RESTAURANT ANNYEONGHASEYO,,"NO 3535-F T/A, JALAN KUALA KRAI15050KOTA BHARUKelantan",15/12/2024.,133098556,annyeonghaseyo.hq@gmail.com
ANSARCOMP HOSPITALITY SDN BHD,MAIDAH RESTAURANT & FOOD DELIVERY ,,NO. 36 JALAN PUTRA MAHKOTA 7/7APUTRA HEIGHTS47650Selangor,15/04/2023.,351922185,halal@ansarcomp.com.my
APC AYAM PENYET CORNER,"APC AYAM PENYET CORNER,BINTULU",,"UNIT NO. E-G-01,BINTULU PARAGON STREET MALL,NO.1, OLD AIRPORT,97000BINTULU, SARAWAKSarawak",31/05/2024.,86341633,ayampenyetcorner1002@gmail.com
APN MANOK TUNOK STATION 8,APN MANOK TUNOK STATION 8,,"TAMAN HARMONI STALL NO 8, JLN ARCHER TAMAN HARMONI, 96000SIBUSarawak",29/02/2024.,128583114,halaljais.sijil@sarawak.com
AREEV NIVAN CATERING SDN. BHD,AREEV NIVAN CATERING SDN BHD,,"NO.4932, TOKONG LANE JALAN JETTY LAMA 12000BUTTERWORTHPulau Pinang",31/03/2024.,04-3310781,areevnivan21@gmail.com
ARENAA STAR LUXURY HOTEL SDN BHD,,,"NO.49-61,JALAN HANG LEKIU,50100KUALA LUMPURWilayah Persekutuan",15/11/2023.,03-2078 0988,enquiry.star@arenaahotelsgroup.com
ARIFFIN BIN ABDUL JALIL,GERAI BUAH PAK PIN & KELUARGA,,"KAWASAN REHAT & RAWAT (R&R) SUNGAI PERAK (S),PROJEK LEBUHRAYA UTARA SELATAN (PLUS),33000 KUALA KANGSAR, PERAK33000KUALA KANGSARPerak",29/02/2024.,1139500499,jaadin65@gmail.com
ARINA BINTI SA'AT,WARUNG LEPAK KSG,,"WARUNG LEPAK KSGNO.47 , TAMAN SELERA HARMONIJALAN AWANG RAMLI AMIT96000SIBUSarawak",29/02/2024.,1114391526,halaljais.sijil@sarawak.gov.my
AROMA HARMONI CATERING SDN BHD,,,"SUBLOT NO. 65, PARENT LOT 7668, BLOCK 31KEMENA LAND DISTRICT 97008Sarawak",31/12/2023.,1110571911,Jimmyhcj@gmail.com
ARTGARD VENTURES SDN. BHD,KAFETERIA MAHALLAH HAFSA,,NO. 27-1 JALAN UNGU U9/BSUNWAY KAYANGAN40150SHAH ALAMSelangor,15/08/2023.,378322387,canteensense@gmail.com
ASAS KLASIK SDN. BHD,MANDARIN ORIENTAL KUALA LUMPUR,,KUALA LUMPUR CITY CENTREKUALA LUMPUR50088Wilayah Persekutuan,15/07/2023.,-237485,Group - MOKUL - HalalCom@mohg.com
ASIARI ENTERPRISE SDN BHD,ASIARI,,"LOT 5, JALAN P10/12, KAWASAN PERUSAHAAN BANGI43650BANGISelangor",31/7/2024,356128983,shazlin@asiari.com.my
ASNADY BIN ABDUL RANI,,,"APN CAFE 2STALL NO.7 JLN ARCHER, TAMAN HARMONI 96000SIBUSarawak",29/02/2024.,199623164,halaljais.sijil@sarawak.gov.my
"ASSAM HOUSE RESTAURANT, GREENTOWN (JALIN GEMILANG)","ASSAM HOUSE RESTAURANT, GREENTOWN, IPOH",,"NO. 29, PERSIARAN GREENTOWN 4,GREENTOWN BUSINESS CENTRE,30450 IPOH, PERAK30450Perak",30/09/2024.,52437851,kelvin111228@gmail.com
ATCC BAKERY & TRADING,AT CUPCAKE BAKERY,,"NO.12, JALAN MEGAN SETAPAK 1MEGAN SRI RAMPAI53300 SETAPAK, WILAYAH PERSEKUTUAN KUALA LUMPUR",31/5/2024,348212213,atcupcakes@yahoo.com
ATTANA HOTELS & RESORTS SDN BHD (F.K.A:PNB MANAGEMENT SERVICES SDN. BERHAD,ESPIRA KINRARA,,ESPIRA KINRARAJALAN KINRARA 6BANDAR KINRARA47180PUCHONGSelangor,30/11/2023.,03-80791000,admin@kinrararesort.com.my
ATURAN LAGENDA SDN BHD,"IDEAS KUALA LUMPUR,HOTEL",,"IDEAS KUALA LUMPURNO. 12, JALAN RAJA LAUT50300KUALA LUMPURWilayah Persekutuan",31/01/2025.,326148000,pm@ideaskl.com
ATVV CAFE,,,"NO 5, GERAI MINUMAN R & R HENTIAN TEMERLOH (ARAH TIMUR)LEBUHRAYA PANTAI TIMUR28000TEMERLOHPahang",31/10/2023.,193339164,ukiranamaksima@yahoo.com
AUGUSTLAND HOTEL SDN BHD,,,"KEA FARM, BRINCHANG,39100Pahang",31/05/2024.,+605 4961777,cameron@millenniumhotels.com
AYAMAS SHOPPE SDN BHD,,,"LEVEL 4, WISMA CNI, NO.2, JALAN PERUNDING U1/17, HICOM GLENMARIE INDUSTRIAL PARK, SEKSYEN U1,40150SHAH ALAMSelangor",15/2/2025,355697783,asyraf.marzuki@ayamasshoppe.com.my
AYU AZFAR ENTERPRISE,,,"C31, LOT 22441, PERSIARAN MERAK, TAMAN PAROI JAYA,70400SEREMBANNegeri Sembilan",15/07/2024.,196552985,ayuazzfar@gmail.com
AZIMA ENTERPRISE,KANTIN SK MIRI,,"FOOD KIOSK, PUSTAKA NEGERI SARAWAK, JALAN KIPAS, MIRI CITY FAN,98000MIRISarawak",31/03/2024.,138395963,lyn_azilin93@yahoo.com
AZIZ BIN AWANG,KAWASAN REHAT DAN RAWAT PAKA ARAH SELATAN,,"LPT 2,R&R PAKA ARAH SELATAN,23100 DUNGUN TERENGGANU23100DUNGUNTerengganu",31/05/2024.,102348727,azizmarang247@gmail.com
AZLAN BIN ISHAK,STALL NO.43,,"TAMAN HARMONISTALL N0.43JLN ARCHER, TAMAN HARMONI (TO SELL DRINKS)96000SIBUSarawak",29/02/2024.,164367570,halaljais.sijil@sarawak.gov.my
AZLEENDA JAYA ENTERPRISE,GERAI NO14 PAKA ARAH UTARA,,KAWASAN REHAT DAN RAWAT PAKA  ARAH UTARAPAKA23100PAKATerengganu,31/05/2024.,147027441,azleendaleeenda@gmail.com
AZURA BINTI JUNOH ,,,"KAWASAN REHAT DAN RAWAT PAKA ARAH SELATAN LPT2,23000 DUNGUN,TERENGGANU23000DUNGUNTerengganu",15/01/2024.,109083291,azurajunoh1977@gmail.com.my
AZZIM RESOURCES,,,"NO. 45,(1ST FLOOR) LORONG KUDA296000Sarawak",15/03/2024.,138005943,azzimresources353@gmail.com
A'FAMOSA RESORT HOTEL SDN BHD,A' FAMOSA RESORT ,,JALAN KEMUSSIMPANG EMPAT78000Melaka,15/11/2024.,06-5520888,accounts.hotel@afamosa.com
B FRESH & DRIVE,B FRESH & DRIVE,,"D2 C10, KAWASAN REHAT & RAWAT (R&R) TAPAH (S)PROJEK LEBUHRAYA UTARA SELATAN (PLUS),35000 TAPAH, PERAKPerak",30/11/2024.,194768748,ccwong26@hotmail.com
B VENTURES MANAGEMENT SDN BHD,,,"B-G-3A, GALERIA HARTAMAS,JALAN 26/70A, DESA SRI HARTAMAS,50480Wilayah Persekutuan",31/07/2023.,389539757,kokwei8889@gmail.com/balqis.halal@gmail.com
BAA IS ANEKA RASA,,,"N0.4, SUNGAI PANCHING UTARA26250KUANTANPahang",15/07/2024.,139718482,aziqizzuddin@gmail.com
BABAGANOUSH,,,"LOT A2-1, A3-1, SECTION 67, GRD FLOOR, YOSHI COMMERCIAL CENTRE, JALAN PELABUHAN93450, KUCHING93450KUCHINGSarawak",30/09/2024.,082-481121,bbg.restaurant@gmail.com
BABAQUE HOTPOT BUFFET," BABAQUE HOTPOT BUFFET, SIBU",,"NO 21, GROUND FLOORLORONG TUNKU ABDUL RAHMAN 2A296000SIBUSarawak",15/11/2023.,145898000,bbqhotpot8000@gmail.com
BAKEMORE BAKERY SDN BHD,BAKEMORE BAKERY ,,"NO. 22, JALAN LAU KING HOWE, 96000SIBUSarawak",31/12/2023.,84255421,marketing@dehousehotel.com
BAKERS TALK CONFECTIONERY SDN. BHD,"BAKERS TALK CONFECTIONERY SDN. BHD,KUCHING",,"NO. 473 LOT 14641 BLOCK 11, GROUND FLOOR HEIGHTS DRIVE COMMENCIAL CENTRE JLN STUTONG93350KUCHINGSarawak",31/05/2023.,168951123,Alicefong4422@gmail.com
BANGI RESORT HOTEL SDN. BHD. (FORMERLY KNOWN AS BANGI HOTEL SDN. BHD.),BANGI RESORT HOTEL,,OFF PERSIARAN BANDARBANDAR BARU BANGI43650Selangor,15/4/2023,03-82102222,qaqc001@gmail.com
BANJARAN SEMPURNA SDN. BHD.,RESTORAN DON'S WARONG,,"B-0-4 & B-1-4, PLAZA DAMAS 1JALAN SRI HARTAMAS 150480KUALA LUMPURWilayah Persekutuan",31/07/2023.,362061242,khairulazharbaharuddin@gmail.com
BATU BUROK BEACH RESORT SDN.BHD,BATU BUROK BEACH RESORT SDN.BHD,,NO. 906-AJALAN PANTAI BATU BUROKKUALA TERENGGANU20400Terengganu,15/12/2023.,09-6221410,salesbbbr2016@gmail.com
BAYAM ENTERPRISE SDN BHD ,,,"LOT 21695, JALAN KUBANG KURUS24000Terengganu",28/02/2023.,98504105,info@bayam.com.my
BAYOU LAGOON PARK RESORT SDN. BHD.,BAYOU LAGOON PARK RESORT,,"AMARI VILLA, JALAN WAKAF UTAMA BUKIT KATIL75450Melaka",15/12/2023.,62330888,www.bayoulagoon.com.my
BAYU BEACH RESORT SDN. BHD,,,"4 Â½ MILES, JALAN PANTAI,71050PORT DICKSONNegeri Sembilan",.,06-6473703,f&b@bayubeach.com.my
BAYVIEW HOTEL MELAKA,,,BAYVIEW HOTEL MELAKAJALAN BENDAHARA75100MELAKAMelaka,30/09/2024.,606-2839888,personnel.bhm@bayviewhotels.com
BB COFFEE SDN BHD,BASK BEAR COFFEE ,,"NO.1, NOUVELLE INDUSTRIAL PARK 2,LORONG TEKNOLOGI 3/4A, TAMAN SAINS SELANGOR,KOTA DAMANSARA47810PETALING JAYASelangor",31/1/2025,361518581,ahmadnazmi@loob.com.my
BBT HOTEL SDN BHD (PREMIERE HOTEL),HOTEL PREMIER,,"BANDAR BUKIT TINGGILOT 085548, TINGKAT 16, JALAN LANGAT BANDAR BUKIT TINGGI 1/641200KLANGSelangor",15/04/2024.,60333256868,fnb@premiere-hotels.wct.my
BEI HOLDINGS SDN BHD (DYNASTY HOTEL),,,"LOT 683, BLOCK 9 JALAN PUJUT-LUTONG98000Sarawak",30/09/2024.,085-421111,dyhlmyy@dynastyhotelmiri.com.my
BELACAN LAA F&B SDN.BHD.,BELACAN LAA ,,"NO, 15-2,JALAN PJU 5/6, DATARAN SUNWAY, KOTA DAMANSARA47810PETALING JAYASelangor",31/7/2024,361403388,ug.leasing01@gmail.com
BELADIN ENTERPRISE ,,,"LOT 710, KEDAI MINI SEDC, 94700 SERIAN.94700SERIANSarawak",15/12/2024.,195854930,beladinenterprise82@gmail.com
BELMONT RESOURCES SDN BHD,YOGURT & MILK ,,12 PERSIARAN GREENTOWN 10GREENTOWN BUSINESS CENTRE30450IPOH Perak,30/11/2024.,108457955,belmont.halal22@gmail.com
BENG YING TRADING,"EXPRESS STALL, R&R TAPAH (S)",,"LOT 3554, TAMAN SERI INDAH,JALAN SLIM LAMA,35900 TANJUNG MALIM, PERAKPerak",31/03/2024.,125169636,lieyinghar@hotmail.com
BERINGGIS BEACH RESORT,BERINGGIS BEACH RESORT SDN BHD,,"KM26 JALAN PAPAR, KG. BERINGGIS,P.O BOX 571, PAPAR, SABAH89600Sabah",15/06/2024.,088-752333,info@beringgisbeachresort.com
BERJAYA HILLS RESORT BERHAD,,,"KM 48, PERSIMPANGAN BERTINGKAT LEBUHRAYA KARAK28750BUKIT TINGGIPahang",30/04/2024.,92213666,fnbops.mgr@colmartropicale.com.my
BERJAYA ROASTERS (M) SDN BHD,,,"LOT 9-16, LEVEL 9, EAST WING,BERJAYA TIMES SQUARE, NO. 1, JALAN IMBI,55100 KUALA LUMPUR.Wilayah Persekutuan",15/2/2025,03-21199888,qa.dept@krr.com.my
BERJAYA STARBUCKS COFFEE COMPANY SDN BHD,,,"LOT 10-04, LEVEL 10, WEST,BERJAYA TIMES SQUARE, NO.1, JALAN IMBI,55100KUALA LUMPURWilayah Persekutuan",28/2/2025,603 2052-5888,halalenquiry@starbucks.com.my
BERJAYA WATERFRONT SDN BHD," BERJAYA WATERFRONT HOTEL, JOHOR BAHRU",,DUTY FREE ZONE JOHOR BAHRU 88JALAN IBRAHIM SULTAN80300STULANG LAUTJohor,31/10/2024.,07-2219999,noraini.topah@berjayahotel.com
BERRY'S CAKE HOUSE (KL) SDN BHD,,,"19 (1ST FLR),JALAN USJ 10/1E, 47650SUBANG JAYASelangor",30/9/2024,03-56339688,berrys@berrys.com.my
BEST PRIORITY SDN BHD,THE DAILY DINER CAFE,,"JALAN DATO LAU PAK KHUAN, TAMAN IPOH,31400IPOHPerak",31/12/2024.,125481432,service@dailydiner.my
BESTA CORPORATION SDN BHD,DAPUR UTAMA KEDAH MEDICAL CENTRE,,"NO 11, JALAN 2/4 C,DESA MELAWATI,53100Wilayah Persekutuan",15/04/2024.,04-7300570,hajarshy@gmail.com
BESTA CORPORATION SDN. BHD.,DAPUR UTAMA CAWANGAN KPJ PERLIS,,"NO. 366 (BAWAH), JALAN KANGAR ALOR SETAR, TAMAN MUTIARA01000KANGARPerlis",15/01/2024.,122621286,syakirahshahbudin2204@gmail.com
BG FOOD STALL,,,"RSA NO 4 ,TEMERLOH TIMUR LEBUHRAYA PANTAI TIMUR28000TEMERLOHPahang",30/09/2024.,179797911,mfadzlimustaffa@gmail.com
BHAI BIRYANI SDN. BHD. (FORMERLY KNOWN AS: SAG ARABIC RESTAURANT SDN. BHD.),,,3 LORONG PERINDUSTRIAN BUKIT MINYAK 1TMN PERINDUSTRIAN BUKIT MINYAK14100Pulau Pinang,30/11/2024.,45072786,"sitinuraliarosli@yahoo.com , hrm@saudagarkurma.com"
BIBI DIANA BINTI MOHAMED ZAN,,,"TAMAN HARMONI,STALL NO.30TAMAN HARMONI, JLN ARCHER 96000, SIBU, SARAWAK, MALAYSIA96000SIBUSarawak",29/02/2024.,013-8581192,halaljais.sijil@sarawak.gov.my
BIG APPLE INTERASIA SDN BHD,BIG APPLE DONUTS & COFFEE,,"NO.1, JALAN KPB 2,KAWASAN PERINDUSTRIAN BUDIMAN, BATU 10 3/4, 43200CHERASSelangor",15/2/2025,162133265,lisazureena@bigappledonuts.com
BIG ONION FOOD CATERER SDN. BHD,,,"NO.430,  BATU 2 1/2, JALAN SULTAN AZLAN SHAH,51100 WILAYAH PERSEKUTUAN KUALA LUMPUR.51200Wilayah Persekutuan",15/6/2023,03-40414488,bofc@bigonioncaterer.com.my
BOAT NOODLE SDN BHD,BOAT NOODLE,,"NO.3, JALAN PJU 3/48,SUNWAY DAMANSARA TECHNOLOGY PARK,47810PETALING JAYASelangor",30/11/2024.,377336255,hidayah@u5fb.com
BOBA TEA HOUSE,,,2-G JALAN VISTA VALLEY 3SEMENYIH VISTA VALLEY43500SEMENYIHSelangor,.,145125771,azizol.bill@gmail.com
BOBA TEA SDN BHD,DABOBA,,"PT 15650, LENGKOK SRI RAPAT 2, OFF JALAN LAPANGAN TERBANG,31350 IPOH, PERAKPerak",15/9/2023,102698620,halal.daboba@gmail.com
BOGA MANAGEMENT SDN BHD,KIMUKATSU,,"LG 62 & 63, KL EAST MALL,JALAN LINGKARAN TENGAH 2, TAMAN SRI MELATI,53100KUALA LUMPURWilayah Persekutuan",31/10/2023.,143925672,kimukatsuhalal@gmail.com
BOLD HOTEL & RESIDENCES KUALA LUMPUR SDN. BHD.,PERDANA KUALA LUMPUR CITY CENTRE,,"10, JALAN BINJAI50450KUALA LUMPURWilayah Persekutuan",30/11/2024.,03-74903333,pklcc.enquiry@attanahotels.com
BOLEH BOLEH ENTERPRISE,KEDAI MAKAN (KANTIN PEJABAT PENGALIRAN DAN SALIRAN (DID) ,,"KIOSK NO,2A,PREMIS MAJLIS PERBANDARAN KOTA SAMARAHAN,SARAWAK.94300KOTA SAMARAHANSarawak",15/08/2024.,128505521,nassaloi1985@icloud.com
BORDEAUX BAKERY & SWEET (M) SDN BHD,MOLTEN CHOCOLATE CAFE,,"B-6-17 ATIVO PLAZA NO.1,JLN PJU 9/1,DAMANSARA AVENUE,52200BANDAR SRI DAMANSARAWilayah Persekutuan",30/11/2023,62639953,inventory@moltenchocolatecafe.com
BORENOS SDN BHD,BORENOS SDN BHD,,"LOT 1-39, 1ST FLOOR,  STAR CITY NORTH COMPLEXJALAN ASIA CITY 88000Sabah",31/08/2024.,88266023,halal.borenos@gmail.com
BOULEVARD ENTERPRISE (MIRI) SDN. BHD. (IMPERIAL HOTEL),OLD WING,,"LOT 827, BLOCK 9, MCLD,JALAN POS, 98000 MIRI, SARAWAK98000Sarawak",15/11/2023,085-431133,ihmyy@imperial.com.my
BOUSTEAD WELD QUAY SDN. BHD. ( ROYALE CHULAN PENANG FORMERLY KNOWN AS THE ROYALE BINTANG PENANG),,,NO 1 & 2 PENGKALAN WELD 10300GEORGETOWNPulau Pinang,30/11/2024.,04 2598888,dennislee.rcp@royalechulan.com 
BRAHIM'S SATS FOOD SERVICES SDN BHD,,,"CATERING BUILDING, MAS COMPLEX,SOUTH SUPPORT ZONE, KUALA LUMPUR INTERNATIONAL AIRPORT,64000 KLIA SEPANG, SELANGOR.",15/6/2024,387771241,tiada
BRAHIM'S SATS FOOD SERVICES SDN. BHD.(BRAHIM'S AIRLINE CATERING SDN BHD),,,"PENANG FLIGHT KITCHEN, PENANG INTERNATIONAL AIRPORT, JALAN GARUDA11900BAYAN LEPASPulau Pinang",31/01/2024.,604-6405900 / 6405910,nusaibah.maddisa@brahimsats.com
BREAK-THROUGH F&B SDN BHD,,,NO 17-2 JALAN WANGSA DELIMA 5SEKSYEN 5 PUSAT BANDAR WANGSA MAJU (KLSC)53300KUALA LUMPURWilayah Persekutuan,15/08/2023.,392223646,halal@obriens.com.my
BREPPITH TANJONG ENTERPRISE,"KANTIN SMK SONG, KAPIT",,"LOT 656, JALAN TAKAN96850SONGSarawak",15/11/2023.,129448022,breppith@gmail.com
BRIX KITCHEN SDN. BHD.,,,"R-6-G, M CITY AMPANGNO 326, JALAN AMPANG50450KUALA LUMPURWilayah Persekutuan",15/04/2024.,177299294,operations@brix.com.my
BS TWO ENTERPRISE,,,IVY TECNOLOGY GLOBAL SERVICES MALAYSIA SDN BHD-PLOT 50 HILIR SUNGAI KELUANG 2BAYAN LEPAS IND11920BAYAN LEPASPulau Pinang,30/09/2024.,124940117,bse0054@gmail.com
BUBBLEBEE SDN BHD ,"NO.10, JALAN WANGSA DELIMA 2A, WANGSA DELIMA 53300 KUALA LUMPUR",,"NO 10, JALAN PP 11/4ALAM PERDANA INDUSTRIAL PARK, TAMAN PUTRA PERDANA,47130PUCHONGSelangor",31/1/2025,383228882,halal.bubblebeehq@gmail.com
BUILD LAND TECHNOLOGY SDN. BHD.,,,"LOT 939, JLN. SIMPANG LUBOK KAWAH,28000TEMERLOHPahang",15/05/2024.,139933893,jafribuildland1018@gmail.com
BUKIT JAWI GOLF RESORT BERHAD,,,"LOT 414, MUKIM 6, JALAN PAYA KEMIAN SEMPAYISEBERANG PERAI SELATAN14200SUNGAI JAWIPulau Pinang",15/11/2024.,04-5820759,enquiry@bukitjawi.com.my
BUKIT MATA SEAFOOD 25 SDN BHD,,,"NO.25, 5TH FLOOR, TAMAN KERETA TOP SPOT FOOD COURT,JALAN PADUNGAN93100KUCHINGSarawak",15/07/2023.,198899838,bukitmata25@yahoo.com
BUKIT MERAH LAKETOWN RESORT (BUKIT MERAH RESORT SDN BHD),,,"JALAN BUKIT MERAH,34400 SEMANGGOL, PERAKPerak",29/02/2024.,58908888,khaibmr@gmail.com
BUMI MUSTIKA ENTERPRISE,NASI KANDAR DHIYA MAJU,,"LOT 56987 JALAN SJ 4, TAMAN SELAYANG JAYABATU CAVES68100GOMBAKSelangor",15/02/2025.,196606647,kunalannadaraj21@gmail.com
BUMI UNI-PLUS SDN. BHD. (IMPERIAL PALACE HOTEL),"IMPERIAL PALACE HOTEL, MIRI",,"LOT 1120, BLOCK 7, JALAN SEHATI,98000 MIRI, SARAWAK98000MIRISarawak",15/04/2023.,6085437799,iphmyy@imperial.com.my
BUSINESS & BUDGET HOTEL (KUANTAN) SDN BHD,AC HOTEL KUANTAN CITY CENTRE ,,JALAN TELOK SISEK25000KUANTANPahang,28/02/2023.,09 5178000,"aman.dolah@achotelkuantan.com,stephanie.kong@achotelkuantan.com"
BUSSINESS & BUDGET HOTELS PENANG SDN. BHD. (AC HOTEL PENANG BUKIT JAMBUL),,,"213 JALAN BUKIT GAMBIR, JALAN BUKIT JAMBUL,PULAU PINANG11950GEORGETOWNPulau Pinang",30/04/2024.,04-646 800,mohd.fadhil@achotelpenang.com
BW SHAH ALAM SDN BHD,NEXUS REGENCY SUITES & HOTEL,,"2, JALAN PERIMBUN 27/11SEKSYEN 27SHAH ALAM40400SHAH ALAM Selangor",15/09/2024.,351032388,hr@bwnexus.com.my
BZ JUNCTION HOMEMADE BURGER,BZ JUNCTION HOMEMADE BURGER,,STALL NO.35TAMAN SELERA HARMONI96000SIBUSarawak,29/02/2024.,136881168,halaljais.sijil@sarawak.gov.my
C&R ENTERPRISE,,,"CITY HOME OFFICE, LOT 2401, BLOCK 4 MCLD LEVEL 2 UNIT 2.03PIASAU BUSINESS PARK, BULATAN COMMERCIAL CENTRE98000MIRISarawak",15/04/2024.,85661741,ops.cnr@gmail.com
CAFE CAFE (FARLEY) ,RESTORAN CAFE CAFE (FARLEY) BINTULU ( NO 123) ,,"GROUND FLOOR, NO 123,MEDAN JAYA COMMERCIAL CENTRE,97000BINTULU Sarawak",15/12/2024.,198997668,cafecafe.bintulu@gmail.com
CAFE DE LUSCIOUS,(LUSCIOUS HOTEL),,"2178, JALAN BUKIT MINYAK,KAWASAN PERNIAGAAN ASAS MURNI14000Pulau Pinang",30/09/2024.,45883998,tansuhooi@yahoo.co.uk
CAKES 7 BAKERY (M) SDN. BHD.,CAKES 7 BAKERY (M) SDN. BHD,,"NO. 30, JALAN ANGGERIK VANILLA Z 31/Z,KOTA KEMUNING, SEKSYEN 31,40460 SHAH ALAM, SELANGOR.",15/12/2024,179787849,naniecakes7@gmail.com
CANNING DIM SUM SDN BHD,"CANNING DIM SUM, CANNING GARDEN, IPOH",,"NO. 1, LEBUH CECIL RAE,  TAMAN CANNING,31400IPOHPerak",30/11/2023,146036726,nurhidayu.mohdyusup@gmail.com
CANTON BOY SDN. BHD.,CANTON BOY,,"LOT G-012B,GROUND FLOOR,MYTOWN SHOPPING CENTRE,6,JALAN COCHRANE,SEKSYEN 90,55100KUALA LUMPURWilayah Persekutuan",31/01/2025.,102003064,lenah@peak-kitchen.com
CARAMELCRISP MALAYSIA SDN BHD,GARRETT POPCORN,,"LEVEL 15.01, 1 FIRST AVENUE 2A,DATARAN BANDAR AVENUE, BANDAR UTAMA DAMANSARA,47800PETALING JAYASelangor",28/2/2025,122682175,hatikah@garrettpopcorn.com.my
CARE LUXURY SDN BHD,,,"HOTEL GRANADA JOHOR BAHRU55,JALAN INDAH 15/2TAMAN  BUKIT INDAH81200JOHOR BAHRUJohor",31/05/2024.,07-2318888,info.hgjb@careluxuryhotels.com
CASUARINA @ KUALA KANGSAR (LANAI CASUARINA SDN BHD),CASUARINA @ KUALA KANGSAR,,"JALAN BUKIT KERAJAAN,33000 KUALA KANGSAR, PERAK33000Perak",15/05/2024.,57702021,casuarinakkinfo@perakcorp.com.my
"CASUARINA@MERU HOTEL, IPOH (CASUARINA MERU SDN BHD)","COFFEE HOUSE & BANQUET HALL, CASUARINA@MERU HOTEL, IPOH",,"NO. 1-C, JALAN MERU CASUARINA,BANDAR MERU RAYA,30020IPOHPerak",31/01/2024.,55299999,aziz@casuarinahotels.com.my
CATHAYANA ECOTECH SDN BHD,MANA-MANA CAFE/D'BANQUET,,"A4 1/3, LORONG TUN ISMAIL 525000KUANTANPahang",15/8/2024,95172000,cathayanaecotech01@gmail.com
CAWAN MU F&B SDN. BHD.,CAWANMU BOTANI,,"NO. 1, JALAN LAPANGAN SIBER 3,BANDAR CYBER,31350IPOHPerak",30/09/2024.,52380721,cawanmu1969@gmail.com
CEYLONESE RESTAURANT (M) SDN. BHD.,,,"GROUND FLOOR, LOT 95SECTION 48, JALAN GREEN HILL93100Sarawak",31/05/2023.,128915385,damithrc@hotmail.com
CHANCE HOLDING SDN BHD,CHATTO,,"259,JALAN EKOPERNIAGAAN 7,TAMAN EKOPERNIAGAAN2,SENAI AIRPORT CITY 81400 SENAI,JOHOR81400SENAI Johor",31/12/2024,197588548,chatto.halal@gmail.com
CHATIME MALAYSIA SDN. BHD,CHATIME,,"LEVEL 18, BLOCK AMENARA MUSTAPHA KAMAL, PJ TRADE CENTRENO.8 JALAN PJU 8/8A, BANDAR DAMANSARA PERDANA47820PETALING JAYASelangor",15/11/2024,376228542,halal@willgroup.com.my
CHEF X,CHEF X,,"GROUND FLOOR, LOT 1862, JALAN TEMENGGONG OYONG LAWAI JAU,MARINA SQUARE PHASE 2, (MARINA PARKCITY), 98000 MIRI, SARAWAK98000MIRISarawak",15/04/2024.,129795303,chefxmiri.doc@gmail.com
CHERATING HOLIDAY VILLA BERHAD,,,LOT 1303 MUKIM SUNGAI KARANGCHERATING26080Pahang,31/05/2024.,95819500,hrchv@holidayvilla.com.my
CHIC OLE SDN. BHD.,CHIC OLE,,"NO.15-2, JALAN PJU 5/6, DATARAN SUNWAY, KOTA DAMANSARA47810PETALING JAYASelangor",31/7/2024,361403388,subway.uisb@gmail.com
CHICAGO CHICKEN CITY SDN BHD ,,,G-09 TMG MALL BANDAR INDERA MAHKOTA JALAN IM 7/1 BANDAR INDERA MAHKOTA25200KUANTANPahang,31/12/2023,169206834,ashraf.ravi@chicagochickencity.com
CHRISNA JENIO SDN BHD,AUNTIE ANNE'S,,"11, JALAN 4/91A,TAMAN SHAMELIN PERKASA,CHERAS, 56100Wilayah Persekutuan",15/2/2025,03-92004933,info@chrisnajenio.com.my
CITARASA TRADISI TIMUR,CITARASA TRADISI TIMUR,,NO. 12 KAWASAN REHAT & RAWAT GAMBANG (ARAH TIMUR) 26050Pahang,31/10/2024.,139794799,halimatulsaadiah4799@gmail.com
CITARASA UNIQ SDN BHD,,,"NO 32, JALAN INDUSTRI PBP 7, TAMAN INDUSTRI PUSAT BANDAR PUCHONGPUSAT BANDAR PUCHONG47140PUCHONGSelangor",15/04/2023.,03-58790110,bylee@citarasauniq.com.my
CITYTRO SDN BHD (EASTIN HOTEL PENANG),CITYTRO SDN BHD (EASTIN HOTEL PENANG),,"EASTIN HOTEL PENANGNO 1, SOLOK BAYAN INDAH, QUEENSBAY,11900BAYAN LEPASPulau Pinang",30/04/2024.,04-6121111,stella.ng@eastin.com/siti.nasihah@pg.eastin.com
CJ GLOBAL DEVELOPMENT SDN BHD,OZO GEORGETOWN PENANG - MAIN KITHEN,,"166, JALAN ARGYLL10050GEORGETOWNPulau Pinang",15/11/2024.,42263737,nazri.nafiah@ozohotels.com
CMR R3 SDN. BHD.,CMR 3.0 CHINA MUSLIM RESTAURANT,,"70-1-12 D'PIAZZA MALL, JALAN MAHSURI, BAYAN BARU, PULAU PINANG11950Pulau Pinang",31/03/2023.,175961423,cmrrestaurant3@hotmail.com
COFFEE LAB CAFE,"COFFEE LAB CAFE, TELUK INTAN",,"4A-G, JALAN LAMAN INTAN, BANDAR BARU,36000 TELUK INTAN, PERAKPerak",31/03/2023.,192746227,zeonghin@gmail.com
COFFEE-O CORNER SDN BHD,"KOPI-O CORNER ,KUCHING",,"BANGUNAN KEPLI HOLDINGSNO. 139, JALAN SATOK93400Sarawak",15/03/2023.,082-244432,kopiocorner1992@gmail.com
COLUMBIA ASIA HOSPITAL - TEBRAU,CAFE COLUMBIA HOSPITAL TEBRAU,,"COLUMBIA ASIA HEALHTCARE SDN. BHD.SUITE W701, WEST TOWER, 7TH FLOOR, WISMA COSPLANT 1, NO.2 , JALAN SS16/4,47500JOHOR BAHRUSelangor",31/05/2024.,72729999,adzna.abirin@columbiaasia.com
COLUMBIA ASIA HOSPITAL CHERAS ,CAFE COLUMBIA,,"LOT 33107, JALAN SUAKASIH43200Selangor",15/05/2023.,603-90869999,shahrul.padlullah@columbiaasia.com 
"COLUMBIA ASIA HOSPITAL, TAIPING",CAFETERIA COLUMBIA ASIA HOSPITAL TAIPING,,"NO. 5, JALAN PERWIRA,34000TAIPINGPerak",15/02/2025.,58208888,mailto:customercare.taiping@columbiaasia.com
COLUMBIA ASIA SDN BHD,WING A & WING B,,"COLUMBIA ASIA HOSPITAL - BUKIT RIMAUNO.3, PERSIARAN ANGGERIK ERIA,BUKIT RIMAU SEKSYEN 32,40460SHAH ALAMSelangor",15/09/2024.,03-5125 9858,noorkhatijah.mustafa@columbiaasia.com
COLUMBIA ASIA SDN BHD ,,,"NO 1, LEBUH PUTERI BANDAR PUTERI PUCHONG47100PUCHONGSelangor",30/11/2023.,03-80648688,cafe.puchong@columbiaasia.com
COLUMBIA ASIA SDN BHD - SETAPAK,,,"NO 1, JALAN DANAU SAUJANA, JALAN GENTING KLANGKUALA LUMPUR53310Wilayah Persekutuan",15/3/2023,41459999,hishamuddin.kamal@columbiaasia.com
COLUMBIA ASIA SDN. BHD.,CAFE COLUMBIA,,"PERSIARAN AFIAT,TAMAN KESIHATAN AFIAT,ISKANDAR PUTERI79250Johor",31/12/2023,07-2339999,mizalazlan.anang@columbiaasia.com
CONTINENTAL MANAGEMENT SDN.BHD.,,,"CONTINENTAL MANAGEMENT SDN BHD ( AMANSARI HOTEL DESARU), NO 127, JALAN KEMPAS 1, TAMAN DESARU UTAMA, BANDAR PENAWAR,JOHOR.81930BANDAR PENAWARJohor",30/09/2024.,172892506,hr2.hd@amansarihotels.com
CONVENTION & EXHIBITION (PUTRAJAYA) SDN. BHD. ,PULSE GRANDE HOTEL,,PUTRAJAYA INTERNATIONAL CONVENTION CENTREPRECINCT 562000PUTRAJAYAW.P. Putrajaya,30/9/2024,388876000,enquiry@picc.com.my
COOLBLOG ENTERPRISE SDN BHD,COOLBLOG,,"NO.31, JALAN FIRMA 2/1,KAWASAN PERINDUSTRIAN TEBRAU 1,81100JOHOR BAHRUJohor",28/2/2025,07-3555001,info@coolblog.com.my
CORNERY FNB SDN BHD,CORNERY - THE POPCORN GALLERY,,"SS-02-20, SKY-POD SQUARE,PERSIARAN PUCHONG JAYA SELATAN,47100 PUCHONG, SELANGOR.",31/1/2025,358703195,procurement@cornery.com.my
COSMO RESTAURANTS SDN BHD,BURGER KING,,"LEVEL 11, LOT P.T.2811, JALAN ANGSA,TAMAN BERKELEY,41150KLANGSelangor",15/1/2025,333626526,nur.azimah@burgerking.com.my 
COZY OASIS ,MISOKIMCHI ,,"CAMERON FAIR,  C-G-17, JLN CAMELIA, 39000 CAMERON HIGHLANDS, MALAYSIA",31/3/2024,54851249,cozyoasis.ch@gmail.com
CRYSTAL CROWN HOTEL (NIKMAT MAJU DEVELOPMENT S/B,CRYSTAL CROWN HOTEL,,"117, JALAN HARIMAU TARUMTAMAN CENTURY80250JOHOR BAHRUJohor",30/06/2024.,07-3334422,jbadmin@crystalcrown.com.my
"CRYSTAL CROWN HOTEL HARBOUR VIEW, PORT KLANG (A.R. BAHAN BINA SDN. BHD)",BRASS CAFE,,"NO. 217, JALAN PERSIARAN RAJA MUDA MUSA42000Selangor",15/06/2024.,03-31654422,cchpk@crystalcrown.com.my
CRYSTAL CROWN HOTEL PETALING JAYA (NIKMAT MAJU DEVELOPMENT SDN BHD),COFFEE HOUSE - BRASS CAFE,,"NO. 12, LORONG UTARA AOFF JALAN UTARAPETALING JAYA46200Selangor",15/10/2024.,03-79584422,cchpj@crystalcrown.com.my
CRYSTAL CROWN HOTEL SDN BHD (KEPONG),CROWN CAFE ,,"NO. 3, JALAN JAMBU MAWAR OFF JALAN KEPONGJINJANG SELATANKUALA LUMPUR52000KUALA LUMPUR Wilayah Persekutuan",15/08/2023.,03-62594422,cchkl@crystalcrown.com.my
CUBE FOOD INDUSTRIES SDN BHD,LEADDON WHITE COFFEE,,"NO. 11, LORONG TAMAN IPOH 2,TAMAN IPOH SELATAN,31400 IPOH, PERAK31400IPOHPerak",31/12/2024.,175668387,leaddon.cubefood@gmail.com
CUBIC DELIGHT PLT,JORDAN SIGNATURE KUCHING,,"P10-1-7(D), 1ST FLOOR,  CHONGLIN PARK, JALAN TABUAN93200 KUCHING, SARAWAK.",15/8/2024,199991095,ottimomanagement@gmail.com
CURRENT SUPREME SDN. BHD.,HOTEL CATHAYANA,,HOTEL CATHAYANA KUANTANA41/3LORONG TUN ISMAIL 525000Pahang,31/01/2024.,95172000,account@cathayanahotel.com.my
D HENTIAN CAFE,,,"NO,11 R&R GAMBANG ARAH BARAT LPT GAMBANG 26300KUANTANPahang",31/08/2024.,179133839,TIADA
D HONEY SWEET SDN BHD,,,"LOT 8, UNIT NO. 7, BLOK K, GRD FLOOR, GRAND PLAZA, PUTATAN, 88200, PUTATAN, SABAH.88200KOTA KINABALUSabah",15/08/2023.,088-345911,ane_tan@yahoo.com
D LAKSA (M) SDN. BHD.,,,"NO.7, JALAN EMPAYAR 2, & NO.8, JALAN EMPAYAR 4,TAMAN PERINDUSTRIAN EMPAYAR,79200ISKANDAR PUTERIJohor",15/4/2025,125272363,yana_qc@dlaksa.com
D LAKSA CAFE & RESTAURANT SDN BHD,,,"NO. 8, JALAN EMPAYAR 4,TAMAN PERINDUSTRIAN EMPAYAR,79200ISKANDAR PUTERIJohor",31/5/2024,125272363,yana_qc@dlaksa.com
D SASTHA CAFE ,,,"N12, ARAH UTARA, KAWASAN REHAT & RAWAT DENGKIL43800Selangor",30/11/2023.,012-3306545,dsastha12@gmail.com
